Persona,Roles,Goals,Needs,Expectations,Tasks,Emotion,Touch points,Pain points,Timeline
Service User,Legatus,Nam accumsan et lacus vel sagittis,"Etiam sed leo varius, ullamcorper leo vel, luctus neque ","Ut convallis ultrices lorem, non mollis augue ","Nulla pretium feugiat orci, quis tristique nisl gravida sed.",1,,Sed varius sit amet velit et laoreet.,1 day
,Officium,,"Maecenas rutrum turpis vitae lorem pharetra, quis interdum justo dignissim ","Ut convallis ultrices lorem, non mollis augue ",Quisque porta nisi sed eros egestas tempor a eget ante.,,,,1 week
,Praefectus,Aliquam erat volutpat,Duis vitae dui et diam vehicula posuere in in lorem ,Aenean ornare tristique vestibulum. Nullam vitae convallis metus ,"Maecenas eleifend, leo id rutrum gravida, eros est iaculis nisi, lacinia tristique erat nisl eu turpis.",2,,,2 months
,Vicarius,,,In cursus ac dolor ut ornare. Ut pulvinar laoreet sapien nec molestie.,Donec non gravida tortor. Vivamus blandit ultrices ornare.,1,"scribere, facie ad faciem",,1 year
,Lictor,,,Suspendisse lobortis varius orci sit amet pellentesque.,"Proin vel justo nisi. Nulla dictum, augue at pharetra dictum, ante ligula volutpat dolor, nec vehicula elit ipsum ut turpis.",4,ad quaerere ,Suspendisse vestibulum odio vitae lectus commodo efficitur. Fusce a sollicitudin lorem. Aenean fermentum imperdiet volutpat.,4 day
,,,,"In tempor ligula quis arcu interdum, quis sodales nisi malesuada.","Vestibulum diam lacus, lacinia id condimentum ut, dignissim non metus.Nunc ac pharetra erat.",5,ad quaerere ,"Mauris turpis augue, placerat vitae sapien aliquet, aliquet consequat augue.",5hours
,,,,,Nam id sollicitudin velit. Donec vel ex ut orci imperdiet faucibus nec non ligula.,5,ad quaerere ,"Ut vestibulum, sem non ultricies vulputate, est felis volutpat lacus, et blandit turpis quam nec justo.",5 days
,,,,,"Nunc sit amet purus quis felis rhoncus tincidunt at quis tortor. Ut felis ipsum, feugiat quis lobortis sed, finibus convallis justo.",3,"scribere, facie ad faciem",,3 weeks 
,,,,,"Fusce justo magna, euismod ut risus sit amet, tempus faucibus sapien.",2,"scribere, facie ad faciem",,2 days
,,,,,Donec porttitor dignissim arcu a varius.,3,,Sed ultrices turpis porta pharetra scelerisque.,3 days 
,,,,,Cras id lorem id risus aliquam feugiat id quis nisl.,1,ad quaerere ,,12 weeks 
,,,,,"Proin sed viverra justo, vitae efficitur purus. Praesent et fermentum lectus.",2,"scribere, facie ad faciem",,2 days 
,,,,,Maecenas non eros id odio maximus vulputate.,1,,,1 extra
